runner_bib,runner_name,runner_age,runner_gender,finish_time
1,Carrol Jerdon,54,Male,4:25 PM
2,Mindy Jewers,14,Female,2:54 PM
3,Clyde Claricoates,54,Male,3:46 PM
4,Natala Tolumello,27,Female,4:47 PM
5,Levey Skatcher,46,Male,
6,Stacy Dutch,44,Bigender,3:52 PM
7,Ceciley Olczak,58,Female,3:38 PM
8,Pernell Eynald,46,Agender,4:54 PM
9,Mechelle Janak,18,Female,3:27 PM
10,Linus Brader,21,Male,
11,Harvey Crippill,44,Male,
12,Reynolds Bote,53,Male,3:23 PM
13,Georgine Mowen,41,Female,2:24 PM
14,Tallou Beaman,48,Female,4:29 PM
15,Roscoe Lavrinov,48,Male,2:47 PM
16,Marlon Marques,18,Genderfluid,2:45 PM
17,Sibeal Boaler,47,Female,4:00 PM
18,Noel Whiles,56,Male,3:13 PM
19,Cookie Christophle,23,Female,4:13 PM
20,Paige Dufaur,19,Male,2:33 PM
21,Pavla Longhirst,55,Female,4:42 PM
22,Jamal Addams,27,Male,
23,Chickie Asipenko,19,Female,3:37 PM
24,Maisey Rizzardini,33,Female,4:23 PM
25,Norrie Aldwinckle,57,Male,5:02 PM
26,Avram Hughlock,52,Male,3:48 PM
27,Biddie Shearmur,22,Female,3:05 PM
28,Kylila Guillon,27,Female,2:36 PM
29,Garik Medd,60,Male,2:27 PM
30,Rivkah Cutford,43,Female,4:13 PM
31,Park Mc Giffin,19,Male,3:19 PM
32,Morly Nabbs,25,Male,4:39 PM
33,Gregor Kleimt,38,Male,4:22 PM
34,Windy Martynikhin,51,Female,4:02 PM
35,Tyrone Bartolomeo,59,Male,3:31 PM
36,Isac Bradd,15,Male,3:18 PM
37,Gabrila Hartin,22,Female,4:05 PM
38,Onofredo Brazenor,18,Male,5:09 PM
39,Hercules Pecha,51,Male,3:51 PM
40,Noam Pumfrey,45,Male,3:15 PM
41,Fabe Yellowlea,26,Male,3:10 PM
42,Silvio McGookin,50,Genderqueer,4:37 PM
43,Andrey Corneljes,19,Male,4:04 PM
44,Gil McLean,31,Male,4:49 PM
45,Tally Lardeur,22,Female,4:10 PM
46,Bobine Inkster,24,Female,3:44 PM
47,Barnabas Dacks,18,Male,3:30 PM
48,Edy Netley,37,Female,4:21 PM
49,Juliana Monteath,62,Female,
50,Baryram Gawen,26,Male,4:51 PM
51,Hanan Tupie,19,Male,3:18 PM
52,Meryl Usborn,62,Male,3:59 PM
53,Shaine Delyth,35,Male,3:54 PM
54,Emilie Maydway,25,Genderfluid,3:30 PM
55,Maurizia Baise,29,Agender,
56,Annabela Heap,30,Polygender,5:06 PM
57,Hadleigh Soughton,26,Male,
58,Janet Ubsdall,50,Female,3:58 PM
59,Eb Kahan,35,Male,
60,Babbette Minshaw,38,Female,3:16 PM
61,Bentlee Alberti,56,Male,4:42 PM
62,Hilarius Getty,48,Non-binary,3:32 PM
63,Zia Elbourn,40,Female,4:01 PM
64,Emmett Parfett,25,Male,2:53 PM
65,Dani Catchpole,14,Male,4:02 PM
66,Omero Greenside,50,Male,3:46 PM
67,Mandi Bindley,35,Female,2:58 PM
68,Tucker Glasheen,30,Male,2:52 PM
69,Andrea Casbolt,60,Male,3:19 PM
70,Gabi Torr,19,Male,3:25 PM
71,Janene Ferneley,24,Female,4:58 PM
72,Ximenez Daile,20,Male,4:58 PM
73,Lucienne Itzchaky,55,Female,3:40 PM
74,Asia Moule,23,Female,4:09 PM
75,Mal Tomeo,59,Male,4:59 PM
76,Magda Clarycott,21,Female,5:09 PM
77,Carley Godsafe,21,Female,4:52 PM
78,Marjy Stiegar,14,Female,5:07 PM
79,Saw Karoly,24,Male,2:50 PM
80,Wilmer Duligall,17,Male,2:37 PM
81,Leopold Dunthorn,36,Male,3:26 PM
82,Efrem Coker,28,Male,2:22 PM
83,Davin Nettle,22,Male,5:06 PM
84,Mirelle Bellfield,21,Female,3:46 PM
85,Ulrikaumeko Naisbet,59,Female,2:32 PM
86,Quintus Grabbam,27,Non-binary,3:33 PM
87,Idalina Tireman,47,Polygender,3:12 PM
88,Glori Salsbury,35,Female,2:34 PM
89,Maximo Shellard,31,Male,2:46 PM
90,Jewell Clausen-Thue,35,Female,5:06 PM
91,Kessiah Latta,44,Female,4:47 PM
92,Brandice Halwill,19,Female,4:15 PM
93,Bordie Doodney,38,Male,3:31 PM
94,Dino Lipscombe,30,Male,4:00 PM
95,Fidole Thow,38,Male,3:29 PM
96,Mollee Sheffield,52,Female,2:54 PM
97,Nedi Reast,32,Female,4:57 PM
98,Calhoun Berzons,54,Male,4:50 PM
99,Veronica Matresse,41,Female,4:31 PM
100,Weber Piaggia,26,Male,3:00 PM
101,Cecilio Dyzart,15,Male,2:54 PM
102,Torey Eudall,48,Female,
103,Florri Cecere,44,Female,5:01 PM
104,Jerry Roscow,30,Male,2:16 PM
105,Aylmar Crowcombe,56,Male,2:38 PM
106,Ramonda Shildrake,20,Female,3:02 PM
107,Denni Huskisson,25,Female,4:48 PM
108,Drake Grewar,56,Male,2:58 PM
109,Zora Dilrew,33,Female,5:07 PM
110,Kassandra Giddins,50,Female,3:49 PM
111,Gracia Veillard,30,Female,4:22 PM
112,Isidoro Blandamore,21,Male,3:35 PM
113,Wendy Ransfield,57,Female,
114,Dalis Everson,18,Male,4:54 PM
115,Starlin Cant,52,Female,3:16 PM
116,Andi Dockray,23,Female,2:20 PM
117,Jolene Worland,38,Female,
118,Dur Tawse,56,Male,3:06 PM
119,Willy Maund,49,Male,5:03 PM
120,Berni Coneley,46,Female,3:27 PM
121,Persis McKeating,31,Female,4:57 PM
122,Axel Malinowski,57,Male,3:00 PM
123,Tyson Burrel,28,Male,3:54 PM
124,Georges Damsell,61,Male,4:37 PM
125,Ingunna Schlagtmans,36,Female,
126,Rosanna Aylesbury,60,Female,3:04 PM
127,Lester Mitie,17,Genderfluid,2:47 PM
128,Olav Greenhall,51,Male,2:42 PM
129,Felicdad Wasson,21,Female,4:47 PM
130,Romain Mungane,17,Male,5:00 PM
131,Thornton Rehorek,46,Male,3:46 PM
132,Eran Bartolomeu,53,Female,2:25 PM
133,Masha Leak,27,Female,4:10 PM
134,Tyler Grayne,32,Male,4:17 PM
135,Claudine Cromblehome,36,Female,4:17 PM
136,Veradis Lugton,14,Agender,3:55 PM
137,Emerson Jossum,34,Male,2:55 PM
138,Hamlin Hanscombe,62,Male,4:07 PM
139,Halsey Nineham,40,Male,3:24 PM
140,Hewet Cheyne,42,Male,2:30 PM
141,Loleta Craister,33,Female,2:38 PM
142,Gillan Matussevich,37,Female,4:31 PM
143,Adolph Benzi,29,Male,4:12 PM
144,Donal De la Barre,40,Male,2:40 PM
145,Eddie Davids,53,Female,3:41 PM
146,Efren Cozens,14,Genderfluid,4:50 PM
147,Odessa Fernley,47,Female,3:15 PM
148,Giffie Pietersma,15,Male,3:25 PM
149,Lark Edden,17,Female,2:44 PM
150,Moyna Muckley,56,Female,3:08 PM
151,Augusto Fosher,37,Male,3:01 PM
152,Fremont Yoxen,45,Male,2:15 PM
153,Dall Letham,56,Male,2:30 PM
154,Palm Shawel,26,Male,4:46 PM
155,Garvin California,45,Polygender,4:24 PM
156,Germayne Rutigliano,42,Male,3:08 PM
157,Lynn Marsay,60,Male,5:08 PM
158,Timmi Hardin,38,Female,2:41 PM
159,Garvy Paling,51,Male,
160,Bard Antoni,32,Male,4:50 PM
161,Edmund Dearnaley,24,Male,2:56 PM
162,Deck Kayne,19,Agender,3:11 PM
163,Farley Domleo,55,Male,3:46 PM
164,Rikki Wooffinden,61,Male,4:59 PM
165,Conan Laxtonne,28,Male,3:56 PM
166,Glory Bertin,34,Female,3:54 PM
167,Aaren Harnes,16,Female,2:16 PM
168,Alphard Maltster,25,Male,3:04 PM
169,Cassy Louw,26,Female,
170,Megan Vautin,54,Female,3:02 PM
171,Amble McCafferky,14,Male,2:52 PM
172,Yvor Vurley,23,Male,4:22 PM
173,Norri Lavrinov,48,Bigender,4:10 PM
174,Bond Rolstone,58,Male,4:53 PM
175,Mickey Sturt,20,Male,3:54 PM
176,Cullin O'Gaven,62,Male,2:54 PM
177,Jeralee Ivanichev,48,Female,4:01 PM
178,Bellina Abramowitz,39,Female,4:16 PM
179,Elaine Espinet,44,Female,4:57 PM
180,Aleda Verrill,18,Non-binary,3:00 PM
181,Dene Kitchenman,32,Male,4:59 PM
182,Zorina Fitzsymons,45,Female,2:36 PM
183,Deana Henden,38,Female,
184,Anissa Cecchi,44,Female,3:39 PM
185,Gleda Boden,60,Female,
186,Derwin Stollenwerck,38,Male,4:25 PM
187,Rorie Sturch,17,Female,3:42 PM
188,Netti Noe,28,Bigender,4:29 PM
189,Andee McHale,56,Female,
190,Cam Barca,48,Female,3:53 PM
191,Jard Erat,60,Male,
192,Rona Tench,24,Female,2:15 PM
193,Marie-jeanne Paxman,50,Female,4:58 PM
194,Teresina Binyon,20,Genderqueer,4:01 PM
195,Barris Collymore,57,Male,3:55 PM
196,Dennis Mabbot,41,Male,4:02 PM
197,Marsh Alecock,22,Male,3:51 PM
198,Tom Goodings,37,Male,2:47 PM
199,Bald Armand,38,Male,4:21 PM
200,Natalya Beadman,54,Female,
201,Maddalena D'Hooge,25,Female,4:19 PM
202,Teressa Mackelworth,28,Female,2:37 PM
203,Omar Ivantyev,43,Male,4:04 PM
204,Sashenka Cubbon,60,Female,4:52 PM
205,Ali Niesegen,22,Male,3:23 PM
206,Ara Merman,31,Male,3:01 PM
207,Florance Chopping,50,Female,3:00 PM
208,Cammie Clotworthy,62,Female,4:34 PM
209,Harriet Woodyear,49,Female,3:40 PM
210,Gordy Oxlade,41,Male,2:37 PM
211,Alanson McPolin,59,Male,4:09 PM
212,Rafferty Sterricker,40,Genderfluid,2:39 PM
213,Margy Ineson,14,Agender,4:54 PM
214,Rickie Lambertazzi,17,Genderqueer,2:48 PM
215,Bink Cyseley,42,Male,2:57 PM
216,Brander Gravenell,41,Male,2:57 PM
217,Abie Linstead,52,Male,5:05 PM
218,Neile Rykert,30,Female,3:51 PM
219,Tatiania Hartigan,19,Female,3:02 PM
220,Pennie Shearston,57,Male,2:32 PM
221,Emlen Berrow,17,Male,2:27 PM
222,Von Ormerod,24,Male,4:32 PM
223,Abbey Padell,17,Male,3:20 PM
224,Kennith Sallarie,50,Male,4:41 PM
225,Casi Rumney,62,Female,4:46 PM
226,Eolanda Gylle,51,Female,4:04 PM
227,Merrilee Checchi,23,Genderfluid,4:20 PM
228,Petronella Parkeson,29,Female,
229,Malinde Vlach,16,Female,4:03 PM
230,Claudette Millins,50,Female,3:56 PM
231,Daryl Swannie,56,Female,4:48 PM
232,Christi Scotchmore,56,Female,4:31 PM
233,Lea Swansborough,40,Female,4:22 PM
234,Caddric Runnicles,36,Male,5:00 PM
235,Clarabelle Molfino,52,Female,4:54 PM
236,Laurella Basler,15,Female,2:55 PM
237,Orly Punchard,46,Female,3:09 PM
238,Lucita Mildenhall,30,Female,
239,Edmon Murtell,40,Male,
240,Huey Laugherane,47,Genderfluid,3:46 PM
241,Danell Roantree,20,Female,3:34 PM
242,Papageno Capponer,29,Male,3:42 PM
243,Lilia Sinyard,22,Female,3:11 PM
244,Mirabel Uccello,36,Female,4:28 PM
245,Dode Kohlert,17,Female,2:57 PM
246,Vergil Yakunkin,30,Male,
247,Hugh Cahalan,39,Male,5:09 PM
248,Kare Bracer,41,Female,3:23 PM
249,Benito Blazhevich,51,Male,2:47 PM
250,Stevy Ollerearnshaw,34,Genderqueer,4:49 PM
251,Happy Idell,56,Female,4:47 PM
252,Doyle Jina,43,Polygender,4:35 PM
253,Casey McCreery,31,Male,3:25 PM
254,Wyatan Bedwell,39,Male,4:11 PM
255,Emelia Broster,42,Female,3:25 PM
256,Ennis Coom,41,Male,
257,Omar Heinrich,21,Male,4:32 PM
258,Marsha Swanbourne,23,Female,4:17 PM
259,Cleon Spurgin,22,Male,2:22 PM
260,Lulita Pentin,15,Agender,5:08 PM
261,Kinna Leffek,34,Female,3:35 PM
262,Clio Muckersie,16,Female,5:06 PM
263,Renate Louys,59,Female,4:25 PM
264,Timmi Worviell,37,Female,2:19 PM
265,Timmy Hinze,30,Polygender,3:12 PM
266,Robbin Jandac,58,Female,4:36 PM
267,Georges Raffin,38,Male,2:40 PM
268,Isabel Ebbage,57,Female,2:34 PM
269,Bond Godlee,59,Male,3:37 PM
270,Stormy Ellum,50,Female,3:49 PM
271,Chrissy Yegorchenkov,28,Male,2:46 PM
272,Avram Barbe,40,Male,4:01 PM
273,Georgiana Tiuit,48,Female,4:21 PM
274,Adela McCreery,61,Female,4:32 PM
275,Osbourne Poulett,55,Male,2:46 PM
276,Laurence St. Leger,61,Male,3:00 PM
277,Devan Willeman,14,Agender,2:28 PM
278,Henka Rookesby,20,Female,3:44 PM
279,Chick Baudins,38,Male,4:16 PM
280,May Harly,41,Female,5:04 PM
281,Kakalina Brodley,51,Female,2:34 PM
282,Guido Eagle,45,Male,4:04 PM
283,Timofei Scanterbury,26,Male,3:28 PM
284,Carol Midlar,34,Female,2:53 PM
285,Annelise Restill,36,Female,2:40 PM
286,Adrian Senechault,35,Female,3:58 PM
287,Ad Gubbin,23,Male,3:46 PM
288,Ginger Kirman,29,Male,3:30 PM
289,Cyrille Gosnay,62,Male,2:48 PM
290,Storm Milnthorpe,26,Female,2:18 PM
291,Sergei Dabes,37,Male,3:59 PM
292,Ariadne Takis,48,Female,4:17 PM
293,Monro Westwick,42,Male,2:43 PM
294,Rupert Bamber,33,Male,3:24 PM
295,Alford Galier,46,Male,3:50 PM
296,Justina Drakeford,53,Female,2:48 PM
297,Cale Steaning,52,Male,4:24 PM
298,Garey Haggard,43,Male,3:11 PM
299,Carine Quarrington,62,Female,3:53 PM
300,Margarette Moncrefe,31,Female,3:22 PM
301,Zelma Henriques,59,Female,4:26 PM
302,Pietra Mabson,51,Female,
303,Cassie Liebermann,35,Male,4:14 PM
304,Myrtle Mains,33,Female,4:42 PM
305,Lucias Guierre,14,Male,3:10 PM
306,Lanny Beadles,42,Male,2:38 PM
307,Guy Struttman,24,Male,
308,Sibyl Whilder,41,Female,3:39 PM
309,Chris McWhorter,60,Female,4:02 PM
310,Aurelie Smithers,48,Female,3:46 PM
311,Jase Hurch,59,Male,3:03 PM
312,Marlin Parken,59,Male,3:09 PM
313,Mace Thumim,49,Male,3:21 PM
314,Kippie Iwaszkiewicz,42,Male,2:54 PM
315,Job Dawidowitsch,27,Male,4:39 PM
316,Aloin Orht,45,Male,3:39 PM
317,Cairistiona Larkkem,21,Female,4:26 PM
318,Renato Netley,41,Male,3:26 PM
319,Tamma Weippert,48,Female,2:24 PM
320,Anselm Whitter,39,Male,3:03 PM
321,Vail Rumney,55,Male,3:33 PM
322,Annadiana Titmuss,46,Female,4:40 PM
323,Dell Worms,14,Non-binary,2:56 PM
324,Bridget Comar,56,Female,3:32 PM
325,Dugald Emblow,54,Male,4:07 PM
326,Colin Fardell,42,Male,4:19 PM
327,Kyrstin Houston,17,Female,3:02 PM
328,Willi Massei,58,Female,4:45 PM
329,Paten Braben,38,Male,3:46 PM
330,Dulciana Hastie,43,Female,4:46 PM
331,Flossie Ughetti,39,Female,3:08 PM
332,Doroteya Clemoes,32,Female,5:00 PM
333,Fitzgerald MacGiolla,58,Genderfluid,3:44 PM
334,Raffarty Cisar,50,Male,3:07 PM
335,Whitby Emmanuele,30,Male,2:20 PM
336,Cyb Claffey,22,Female,3:23 PM
337,Cesya Eyers,35,Female,2:20 PM
338,Saxe Duffy,55,Male,4:43 PM
339,Bell Maunsell,48,Female,2:57 PM
340,Lucita Poundsford,44,Female,3:59 PM
341,Thorvald Ganley,34,Male,3:30 PM
342,Annaliese Kirtley,52,Female,2:24 PM
343,Violette Sprowle,53,Female,2:46 PM
344,Barrie Brodhead,56,Genderfluid,2:21 PM
345,Giusto Fitzpayn,22,Male,3:32 PM
346,Kacey Sullly,44,Female,2:53 PM
347,Brody Thornham,54,Male,3:52 PM
348,Fancy Teliga,54,Female,3:23 PM
349,Cozmo Gunson,34,Male,2:57 PM
350,Jody Treswell,21,Male,3:01 PM
351,Lilia Arp,50,Female,4:46 PM
352,Jelene Valente,51,Female,2:43 PM
353,Halsey Ventum,17,Male,4:18 PM
354,Lynsey Brenston,20,Female,5:05 PM
355,Ebonee Gerrey,40,Female,4:36 PM
356,Darya Karle,56,Female,
357,Laetitia Rosenbloom,23,Female,3:51 PM
358,Gertrudis Mathison,34,Female,3:37 PM
359,Staffard Phelan,16,Male,
360,Britta Burwin,19,Female,4:17 PM
361,Adriano Frampton,15,Male,2:33 PM
362,Scotty Itter,39,Male,3:23 PM
363,Jermayne Nunnerley,59,Male,3:47 PM
364,Bancroft Mayes,43,Male,2:18 PM
365,Dominick Geffinger,49,Male,3:31 PM
366,Stuart Mellor,30,Male,3:05 PM
367,Debbie Mathison,38,Agender,3:42 PM
368,Arlena Hancorn,51,Female,4:55 PM
369,Elbertine Masdon,51,Female,
370,Cathryn Berthe,59,Female,4:42 PM
371,Colas Rattenbury,38,Male,
372,Roman McWhirter,49,Male,5:09 PM
373,Merilee Chatburn,50,Female,4:07 PM
374,Jandy Grouvel,54,Female,3:15 PM
375,Marybelle Lowthian,22,Female,2:55 PM
376,Jaclyn Blackadder,60,Female,5:03 PM
377,Hal Dunniom,57,Male,4:54 PM
378,Stanley Cordey,39,Male,3:01 PM
379,Janifer Munnion,57,Female,4:45 PM
380,Mord Dobrowolny,35,Male,4:38 PM
381,Darice Habbin,55,Female,3:09 PM
382,Kassia Vost,47,Female,2:35 PM
383,Sonja Keysall,59,Polygender,4:36 PM
384,Arabelle Ickovitz,61,Female,
385,Leanor Tatershall,48,Female,3:16 PM
386,Osmond Camock,49,Male,2:15 PM
387,Jenn Harg,41,Female,4:27 PM
388,Yvor Vasyunichev,27,Male,3:13 PM
389,Ruben Siege,26,Bigender,3:46 PM
390,Pauletta Gunning,28,Female,3:40 PM
391,Gallard Alldridge,38,Male,3:50 PM
392,Maggy Evanson,61,Female,2:33 PM
393,Raven Klouz,47,Female,3:40 PM
394,Nolan Shinefield,27,Non-binary,
395,Immanuel Pimlett,35,Male,3:59 PM
396,Constantine Blunsom,45,Male,4:28 PM
397,Hillery Lawrey,44,Male,4:49 PM
398,Tremaine Whiskerd,60,Male,
399,Jeniffer Shrubsall,25,Female,4:38 PM
400,Prentiss Frayling,44,Male,3:25 PM
401,Almire Derham,25,Female,4:01 PM
402,Chan Cronk,60,Male,2:29 PM
403,Guntar Chasteau,28,Male,4:41 PM
404,Mervin Beardon,24,Male,4:05 PM
405,Afton Hegden,52,Female,3:55 PM
406,Orson Housam,33,Male,3:50 PM
407,Gillian Fitzsymons,25,Female,4:14 PM
408,Felicity Arrington,28,Female,2:24 PM
409,Preston Theis,41,Male,3:28 PM
410,Pansie Durnall,25,Female,4:46 PM
411,Nicolas Vail,20,Male,4:52 PM
412,Avery Males,47,Male,2:19 PM
413,Halli Pelz,61,Female,2:47 PM
414,Ginnie Codling,38,Female,2:22 PM
415,Bekki Barsby,60,Genderqueer,3:28 PM
416,Innis Klimowski,38,Male,2:58 PM
417,Kale Lademann,32,Male,3:25 PM
418,Hortense Plett,32,Female,3:26 PM
419,Ruddie Fink,34,Male,4:14 PM
420,Eyde Syddon,26,Female,2:17 PM
421,Melvin Batterbee,44,Male,5:02 PM
422,Giulietta Tasseler,14,Female,5:05 PM
423,Maritsa Chason,16,Female,3:01 PM
424,Madeleine Sedge,34,Genderqueer,2:32 PM
425,Garwood Dallinder,40,Male,3:07 PM
426,Theodora Dormand,22,Agender,3:05 PM
427,Urbain Durning,27,Male,
428,Manolo Burfield,25,Male,4:40 PM
429,Elnora Mullis,31,Female,2:55 PM
430,Joshia Manlow,19,Male,3:41 PM
431,Chandler Castles,36,Male,3:57 PM
432,Thain Bonniface,52,Male,4:15 PM
433,Katharine Searle,20,Female,3:32 PM
434,Cordelie Talkington,24,Female,4:41 PM
435,Hurleigh Messer,49,Genderfluid,
436,Thorn Turfus,37,Male,
437,Marijn Charman,55,Male,3:14 PM
438,Nonie Tewnion,60,Female,2:17 PM
439,Ernesto Jacobowicz,33,Male,4:16 PM
440,Duff de Guise,28,Male,4:19 PM
441,Matthus Dear,53,Male,3:27 PM
442,Barnebas Gillet,61,Male,3:52 PM
443,Hanny Edkins,46,Female,4:36 PM
444,Shaw Stoad,22,Male,3:49 PM
445,Frank Gilhouley,36,Male,4:26 PM
446,Bea Habershaw,17,Female,3:11 PM
447,Robyn Houndesome,60,Female,3:21 PM
448,Barrett Rickersey,49,Male,
449,Sella Pohling,22,Female,3:14 PM
450,Kayne Lorenzo,39,Non-binary,4:15 PM
451,Angel Gambell,17,Male,4:05 PM
452,Alexine Clother,49,Polygender,2:22 PM
453,Averil Marzella,21,Female,4:04 PM
454,Lauren Micheli,44,Female,3:45 PM
455,Herold Millichip,25,Male,
456,Betta Blacksland,28,Female,4:54 PM
457,Ellwood Clampe,23,Male,3:20 PM
458,Adorne Ashplant,50,Female,4:05 PM
459,Annabella Pennrington,43,Female,4:47 PM
460,Daile Sleicht,37,Female,3:39 PM
461,Galvin Karpets,48,Male,2:50 PM
462,Karl Crumley,30,Male,4:44 PM
463,Rosabel Graffin,31,Female,3:57 PM
464,Malena Merrydew,37,Female,4:12 PM
465,Raymond MacAlroy,25,Male,3:25 PM
466,Merrile Kynaston,19,Female,4:02 PM
467,Rodney Flemming,14,Genderfluid,3:05 PM
468,Ivan Galea,33,Non-binary,2:47 PM
469,Clarette Magill,23,Female,3:56 PM
470,Shayla Carnduff,15,Female,3:34 PM
471,Ezmeralda Sarfat,33,Female,2:26 PM
472,Nomi Clipston,36,Female,2:36 PM
473,Corliss Nobbs,59,Female,2:41 PM
474,Randell Snodden,22,Male,
475,Sim Tolman,42,Male,3:50 PM
476,Rozina Geffe,54,Female,2:23 PM
477,Wendell D'Orsay,20,Male,3:11 PM
478,Shanda Pilkinton,21,Female,3:12 PM
479,Atlante Solon,61,Female,4:05 PM
480,Loella Basso,30,Female,5:00 PM
481,Gaile Bearfoot,56,Male,4:16 PM
482,Obidiah Hazlehurst,25,Male,2:26 PM
483,Demetra McGrail,58,Female,3:21 PM
484,Matthieu Brownlie,47,Male,3:27 PM
485,Clevie Conti,30,Male,4:27 PM
486,Eberto Liddyard,35,Male,4:03 PM
487,Mellicent Stolting,27,Female,5:02 PM
488,Carly Barras,40,Female,4:01 PM
489,Millisent Worral,30,Female,3:53 PM
490,Bride Roller,47,Female,2:47 PM
491,Clerissa Blencoe,18,Female,2:54 PM
492,Matty Filmer,48,Male,3:31 PM
493,Magdaia Lethibridge,37,Female,2:28 PM
494,Juline Sicily,51,Female,2:22 PM
495,Joshuah Gisborne,40,Male,4:04 PM
496,Manda Dunbleton,31,Female,4:23 PM
497,Karney Thomassin,24,Male,2:50 PM
498,Elinore Graver,36,Female,2:45 PM
499,Rafa Deaconson,26,Non-binary,4:38 PM
500,Cookie Colliar,28,Female,2:56 PM
501,Darby Bewshea,52,Male,4:39 PM
502,Ricca Stockbridge,48,Female,2:39 PM
503,Magdalene Dukelow,57,Female,4:11 PM
504,Clayson Greensides,14,Male,3:45 PM
505,Miof mela Paaso,57,Female,3:53 PM
506,Philippine Reicharz,44,Polygender,
507,Myrah Best,21,Female,2:40 PM
508,Leonidas Edleston,27,Male,2:29 PM
509,Jarrid Holdall,51,Male,3:49 PM
510,Linc Loft,51,Male,3:46 PM
511,Melly McAuliffe,49,Agender,4:39 PM
512,Tobi Petrushanko,15,Female,4:12 PM
513,Chip Newitt,53,Male,5:05 PM
514,Pauline Petrello,57,Polygender,
515,Marci McKendo,31,Polygender,4:47 PM
516,Dorri Mazillius,51,Female,2:25 PM
517,Enoch Boxall,15,Male,3:14 PM
518,Nichol Peaple,20,Female,5:03 PM
519,Bliss Luckey,18,Female,4:41 PM
520,Jocko D'Ambrogi,26,Male,4:19 PM
521,Mella Pinchback,20,Female,4:26 PM
522,Katheryn Foxwell,35,Female,3:55 PM
523,Theresina MacGilrewy,29,Non-binary,5:08 PM
524,Margarete Barkly,52,Female,3:40 PM
525,Gallard Westcott,60,Male,4:52 PM
526,Jeromy Abbotson,51,Male,2:34 PM
527,Rahel Treher,58,Female,4:58 PM
68,Tucker Glasheen,30,Male,2:52 PM
69,Andrea Casbolt,60,Male,3:19 PM
70,Gabi Torr,19,Male,3:25 PM
71,Janene Ferneley,24,Female,4:58 PM
72,Ximenez Daile,20,Male,4:58 PM
73,Lucienne Itzchaky,55,Female,3:40 PM
74,Asia Moule,23,Female,4:09 PM
75,Mal Tomeo,59,Male,4:59 PM
76,Magda Clarycott,21,Female,5:09 PM
77,Carley Godsafe,21,Female,4:52 PM
78,Marjy Stiegar,14,Female,5:07 PM
79,Saw Karoly,24,Male,2:50 PM
80,Wilmer Duligall,17,Male,2:37 PM
81,Leopold Dunthorn,36,Male,3:26 PM
82,Efrem Coker,28,Male,2:22 PM
83,Davin Nettle,22,Male,5:06 PM
84,Mirelle Bellfield,21,Female,3:46 PM
85,Ulrikaumeko Naisbet,59,Female,2:32 PM
86,Quintus Grabbam,27,Non-binary,3:33 PM
87,Idalina Tireman,47,Polygender,3:12 PM
88,Glori Salsbury,35,Female,2:34 PM
89,Maximo Shellard,31,Male,2:46 PM
90,Jewell Clausen-Thue,35,Female,5:06 PM
91,Kessiah Latta,44,Female,4:47 PM
92,Brandice Halwill,19,Female,4:15 PM
93,Bordie Doodney,38,Male,3:31 PM
94,Dino Lipscombe,30,Male,4:00 PM
95,Fidole Thow,38,Male,3:29 PM
96,Mollee Sheffield,52,Female,2:54 PM
97,Nedi Reast,32,Female,4:57 PM
98,Calhoun Berzons,54,Male,4:50 PM
99,Veronica Matresse,41,Female,4:31 PM
100,Weber Piaggia,26,Male,3:00 PM
101,Cecilio Dyzart,15,Male,2:54 PM
102,Torey Eudall,48,Female,
103,Florri Cecere,44,Female,5:01 PM
68,Tucker Glasheen,30,Male,2:52 PM
69,Andrea Casbolt,60,Male,3:19 PM
70,Gabi Torr,19,Male,3:25 PM
71,Janene Ferneley,24,Female,4:58 PM
72,Ximenez Daile,20,Male,4:58 PM
73,Lucienne Itzchaky,55,Female,3:40 PM
74,Asia Moule,23,Female,4:09 PM
75,Mal Tomeo,59,Male,4:59 PM
76,Magda Clarycott,21,Female,5:09 PM
77,Carley Godsafe,21,Female,4:52 PM
78,Marjy Stiegar,14,Female,5:07 PM
79,Saw Karoly,24,Male,2:50 PM
80,Wilmer Duligall,17,Male,2:37 PM
81,Leopold Dunthorn,36,Male,3:26 PM
82,Efrem Coker,28,Male,2:22 PM
83,Davin Nettle,22,Male,5:06 PM
84,Mirelle Bellfield,21,Female,3:46 PM
85,Ulrikaumeko Naisbet,59,Female,2:32 PM
86,Quintus Grabbam,27,Non-binary,3:33 PM
87,Idalina Tireman,47,Polygender,3:12 PM
88,Glori Salsbury,35,Female,2:34 PM
89,Maximo Shellard,31,Male,2:46 PM
90,Jewell Clausen-Thue,35,Female,5:06 PM
91,Kessiah Latta,44,Female,4:47 PM
92,Brandice Halwill,19,Female,4:15 PM
93,Bordie Doodney,38,Male,3:31 PM
94,Dino Lipscombe,30,Male,4:00 PM
95,Fidole Thow,38,Male,3:29 PM
96,Mollee Sheffield,52,Female,2:54 PM
97,Nedi Reast,32,Female,4:57 PM
98,Calhoun Berzons,54,Male,4:50 PM
99,Veronica Matresse,41,Female,4:31 PM
100,Weber Piaggia,26,Male,3:00 PM
101,Cecilio Dyzart,15,Male,2:54 PM
102,Torey Eudall,48,Female,
103,Florri Cecere,44,Female,5:01 PM
528,Jermayne Alldritt,40,Male,4:54 PM
529,Nellie Danels,14,Female,2:18 PM
530,Tamqrah Tilmouth,58,Female,2:51 PM
531,Brian Brittan,26,Male,4:59 PM
532,Georgetta Mingardi,47,Female,
533,Leon Gosker,18,Male,3:41 PM
534,Cynthia Urion,56,Polygender,3:46 PM
535,Stillmann Dugdale,37,Male,3:47 PM
536,Marthe Vogeller,31,Female,2:21 PM
537,Deina Capini,48,Female,2:45 PM
538,Donovan Guitt,16,Male,4:43 PM
539,Bobbie Geeve,50,Male,4:48 PM
540,Edin Copeman,54,Female,3:59 PM
541,Gian Zellmer,43,Male,2:29 PM
542,Ludovico Bortolini,39,Male,3:05 PM
543,Almira Snassell,33,Female,3:28 PM
544,Paulette Ramshay,31,Female,2:19 PM
545,Reuben Nasey,29,Genderqueer,2:58 PM
546,Eolande Haughton,40,Female,3:55 PM
547,Sherilyn Postins,50,Female,3:51 PM
548,Carlin Glisane,31,Male,4:34 PM
549,Malvin Breens,19,Male,2:28 PM
550,Edouard Caverhill,23,Male,3:27 PM
551,Georgena Stell,41,Female,3:04 PM
552,Dudley Braddick,27,Male,4:36 PM
553,Mordy Horley,41,Genderfluid,2:37 PM
554,Fabio Pitkeathly,44,Male,3:45 PM
555,Sindee Zolini,18,Female,
556,Giustino Philliphs,21,Male,
557,Lori Angrove,56,Female,4:19 PM
558,Dore Thurber,53,Female,4:59 PM
559,Caria Saundercock,55,Female,3:00 PM
560,Lilli Minillo,30,Female,4:53 PM
561,Burnard Hexham,23,Male,4:20 PM
562,Federica Duding,41,Female,4:31 PM
563,Kliment Egle of Germany,35,Male,2:41 PM
564,Rhody Sawter,50,Female,4:11 PM
565,Harlen Corish,25,Male,4:47 PM
566,Linn Bostick,14,Male,
567,Balduin Panner,34,Male,5:05 PM
568,Ker Muscroft,58,Male,
569,Missy Antonias,30,Female,4:29 PM
570,Mac Delort,15,Agender,2:18 PM
571,Theo Haversum,47,Male,3:20 PM
572,Jock Shelley,19,Male,4:17 PM
573,Peggi Iacovacci,62,Female,4:02 PM
574,Stanislas Gladeche,51,Male,2:15 PM
575,Olwen Ballard,47,Female,4:50 PM
576,Adolph Bargery,56,Male,3:58 PM
577,Walther Norwood,17,Male,4:17 PM
578,Sallyann Monkeman,42,Female,3:59 PM
579,Edgardo Shreenan,14,Male,3:07 PM
580,Jaquelyn Ovington,19,Female,2:45 PM
581,Janek Kalkhoven,42,Male,4:49 PM
582,Theresita Moncreif,51,Female,3:01 PM
583,Cary Nunn,20,Male,5:08 PM
584,Erna Tym,58,Female,4:18 PM
585,Dukie Spires,38,Male,4:58 PM
586,Demetris Woolford,52,Bigender,2:16 PM
587,Lucinda Kuschek,26,Female,
588,Donnajean Gauld,22,Bigender,4:27 PM
589,Valentia Cristofalo,35,Female,4:35 PM
590,Annalee D'Alesio,21,Female,4:20 PM
591,Ezekiel Wank,49,Male,2:37 PM
592,Anny Swenson,59,Female,4:50 PM
593,Carmine Hamshere,60,Male,2:47 PM
594,Conny Fortune,27,Genderfluid,4:13 PM
595,Cully Hawkwood,58,Male,2:42 PM
596,Micheline Catterell,43,Female,4:53 PM
597,Phylys Housbie,42,Female,3:57 PM
598,Pip Vials,16,Male,3:01 PM
599,Pat Kilfedder,31,Male,4:45 PM
600,Patsy Bradnocke,31,Male,
601,Orella Rosenschein,26,Female,3:34 PM
602,Jock Oxlade,43,Bigender,3:43 PM
603,Sherman Stuther,45,Male,4:21 PM
604,Barnabe McReedy,47,Male,3:04 PM
605,Bill Greggor,21,Female,2:34 PM
606,Roslyn Pemble,17,Female,4:25 PM
607,Dalila Charlson,27,Female,5:08 PM
608,Claribel Blacktin,38,Female,3:33 PM
609,Fredrick Ghione,19,Male,2:30 PM
610,Bayard Freckingham,15,Male,3:41 PM
611,Jolene Miettinen,19,Female,5:08 PM
612,Alejandra Grinstead,57,Female,2:24 PM
613,Dwight Brooksbie,36,Male,4:57 PM
614,Nikki Grainger,34,Male,4:07 PM
615,Martynne Ovey,37,Female,
616,Stacey Frigout,39,Agender,3:47 PM
617,Peggy Schenfisch,32,Female,3:56 PM
618,Korey Renner,61,Polygender,3:17 PM
619,Lyn Garroch,24,Female,5:02 PM
620,Jenelle Teasdale,43,Female,2:19 PM
621,Gail Yankeev,57,Female,4:56 PM
622,Brod Le Conte,42,Male,5:00 PM
623,Jehanna Cobbold,32,Polygender,4:02 PM
624,Damara Clemmen,28,Female,4:23 PM
625,Shay Dell Casa,53,Male,4:44 PM
626,Isis Poleykett,52,Female,
627,Abra Faithorn,38,Female,4:57 PM
628,Frants Mackison,32,Male,2:46 PM
629,Crista Upsale,48,Female,4:39 PM
630,Aylmar Godbald,38,Male,3:24 PM
631,Charisse Gretton,27,Female,3:25 PM
632,Baxy Sibbons,28,Male,4:52 PM
633,Adelaide Roskelly,23,Female,3:32 PM
634,Hall Kobes,49,Male,3:33 PM
635,Carma Gingedale,29,Female,2:52 PM
636,Abbe Rainy,35,Male,3:14 PM
637,Juieta Mogie,52,Female,3:24 PM
638,Joyce Finkle,16,Female,4:43 PM
639,Peirce Greguol,52,Male,3:36 PM
640,Francisco Matessian,59,Male,4:48 PM
68,Tucker Glasheen,30,Male,2:52 PM
69,Andrea Casbolt,60,Male,3:19 PM
70,Gabi Torr,19,Male,3:25 PM
71,Janene Ferneley,24,Female,4:58 PM
72,Ximenez Daile,20,Male,4:58 PM
73,Lucienne Itzchaky,55,Female,3:40 PM
74,Asia Moule,23,Female,4:09 PM
75,Mal Tomeo,59,Male,4:59 PM
76,Magda Clarycott,21,Female,5:09 PM
77,Carley Godsafe,21,Female,4:52 PM
78,Marjy Stiegar,14,Female,5:07 PM
79,Saw Karoly,24,Male,2:50 PM
80,Wilmer Duligall,17,Male,2:37 PM
81,Leopold Dunthorn,36,Male,3:26 PM
82,Efrem Coker,28,Male,2:22 PM
83,Davin Nettle,22,Male,5:06 PM
84,Mirelle Bellfield,21,Female,3:46 PM
85,Ulrikaumeko Naisbet,59,Female,2:32 PM
86,Quintus Grabbam,27,Non-binary,3:33 PM
87,Idalina Tireman,47,Polygender,3:12 PM
88,Glori Salsbury,35,Female,2:34 PM
89,Maximo Shellard,31,Male,2:46 PM
90,Jewell Clausen-Thue,35,Female,5:06 PM
91,Kessiah Latta,44,Female,4:47 PM
92,Brandice Halwill,19,Female,4:15 PM
93,Bordie Doodney,38,Male,3:31 PM
94,Dino Lipscombe,30,Male,4:00 PM
95,Fidole Thow,38,Male,3:29 PM
96,Mollee Sheffield,52,Female,2:54 PM
97,Nedi Reast,32,Female,4:57 PM
98,Calhoun Berzons,54,Male,4:50 PM
99,Veronica Matresse,41,Female,4:31 PM
100,Weber Piaggia,26,Male,3:00 PM
101,Cecilio Dyzart,15,Male,2:54 PM
102,Torey Eudall,48,Female,
103,Florri Cecere,44,Female,5:01 PM

